id,Ref,Sample,Category 1,Category 2,Category 3,Category 4,Rock,SiO2,TiO2,Al2O3,Cr2O3,V2O5,Fe2O3,FeO,MnO,MgO,CaO,ZnO,NiO,Na2O,K2O,Total,MgAl2O4,FeAl2O4,MnAl2O4,ZnAl2O4,MgFe2O4,FeFe2O4,MnFe2O4,ZnFe2O4,NiFe2O4,MgCr2O4,FeCr2O4,MnCr2O4,ZnCr2O4,NiCr2O4,MgV2O4,FeV2O4,MnV2O4,Mg2TiO4,Fe2TiO4,id_stone
1,137,SP 154B,alaskan ultramafic,,,,,0.24,0.98,8.5,31.82,0.91,24.77818523,28.55408403,0,3.58,0,0.3,0,0,0,99.66226926,0.717,0.703,0,0.03,1.335,1.309,0,0.055,0,1.801,1.766,0,0.075,0,0.052,0.051,0,0.053,0.052,1
2,137,SP 155-1,alaskan ultramafic,,,,,0.21,1.18,12.53,32.77,0.78,19.75065473,28.00595874,0,4.59,0,0.25,0,0,0,100.0666135,0.909,1.137,0,0.025,0.915,1.145,0,0.025,0,1.596,1.996,0,0.043,0,0.039,0.048,0,0.055,0.068,1
3,137,SP 155-2,alaskan ultramafic,,,,,0.21,1.35,2,26.86,0.78,36.5620827,29.90122739,0,2.21,0,0.25,0,0,0,100.1233101,0.041,0.314,0,0.002,0.483,3.664,0,0.027,0,0.373,2.828,0,0.021,0,0.011,0.083,0,0.018,0.135,1
4,137,SP 178,alaskan ultramafic,,,,,0.06,0.58,10.01,39.01,0.78,17.56025809,28.34405771,0,3.9,0,0.25,0,0,0,100.4943158,0.585,1.055,0,0.019,0.655,1.182,0,0.021,0,1.529,2.759,0,0.049,0,0.031,0.056,0,0.022,0.039,1
5,137,SP 143,alaskan ultramafic,,,,,0.11,1.3,10.51,37.97,0.78,18.23653914,25.49168935,0,6.32,0,0.25,0,0,0,100.9682285,0.94,0.758,0,0.018,1.042,0.84,0,0.02,0,2.279,1.837,0,0.045,0,0.047,0.038,0,0.074,0.06,1
6,137,SP 154B,alaskan ultramafic,,,,,0.02,0.69,12.32,42.53,0.78,12.91060009,23.30885422,0,7.51,0,0.25,0,0,0,100.3194543,1.042,0.91,0,0.017,0.697,0.609,0,0.011,0,2.413,2.107,0,0.04,0,0.045,0.039,0,0.037,0.033,1
7,137,SP 157-1,alaskan ultramafic,,,,,0.21,0.86,2.49,28.92,0.78,34.80752028,29.41633324,0,2.26,0,0.3,0,0,0,100.0438535,0.053,0.385,0,0.003,0.47,3.434,0,0.031,0,0.41,2.997,0,0.027,0,0.011,0.082,0,0.012,0.085,1
8,137,SP 157-2,alaskan ultramafic,,,,,0.17,0.61,10.66,36.66,0.715,19.12467777,28.03097386,0,4.01,0,0.4,0,0,0,100.3806516,0.688,1.042,0,0.034,0.789,1.194,0,0.039,0,1.588,2.405,0,0.078,0,0.031,0.048,0,0.025,0.038,1
9,137,SP 157-3,alaskan ultramafic,,,,,0.09,0.64,12.4,43.7,0.715,11.29474881,24.44718667,0,6.63,0,0.4,0,0,0,100.3169355,0.89,1.075,0,0.027,0.517,0.625,0,0.015,0,2.103,2.542,0,0.063,0,0.035,0.042,0,0.029,0.035,1
10,137,SP 146,alaskan ultramafic,,,,,0.06,0.78,12.02,44.62,0.845,10.74120967,22.78300397,0,7.76,0,0.4,0,0,0,100.0092136,0.977,0.926,0,0.025,0.557,0.529,0,0.014,0,2.433,2.307,0,0.062,0,0.047,0.044,0,0.04,0.038,1
11,137,SP 262-1,alaskan ultramafic,,,,,0.21,1.1,14.74,33.97,0.715,18.2580411,25.01232687,0,6.88,0,0.4,0,0,0,101.285368,1.355,0.948,0,0.039,1.071,0.75,0,0.031,0,2.094,1.466,0,0.06,0,0.045,0.031,0,0.065,0.045,1
12,137,SP 262-2,alaskan ultramafic,,,,,0.21,1.44,2.44,24.03,1.625,38.46020346,31.27409424,0,1.94,0,0.55,0,0,0,101.9692977,0.042,0.384,0,0.006,0.428,3.867,0,0.06,0,0.281,2.539,0,0.039,0,0.019,0.174,0,0.016,0.145,1
13,137,SP 144,alaskan ultramafic,,,,,0.17,0.2,14.02,36.5,1.625,16.37545665,25.25162486,0,6.38,0,0.55,0,0,0,101.0720815,1.136,1.051,0,0.049,0.847,0.784,0,0.036,0,1.985,1.835,0,0.085,0,0.09,0.083,0,0.01,0.01,1
14,137,SP 182A-1,alaskan ultramafic,,,,,0.13,0.62,8.67,41.98,1.625,15.83634055,29.03864254,0,3.88,0,0.55,0,0,0,102.3299831,0.447,0.955,0,0.031,0.521,1.114,0,0.037,0,1.45,3.101,0,0.102,0,0.057,0.122,0,0.02,0.044,1
15,137,SP 182A-2,alaskan ultramafic,,,,,0.17,0.58,9.11,47.28,1.625,12.14420419,28.17833618,0,4.97,0,0.55,0,0,0,104.6075404,0.485,0.945,0,0.027,0.413,0.804,0,0.023,0,1.689,3.29,0,0.093,0,0.059,0.115,0,0.02,0.038,1
16,137,SP GK-226A,alaskan ultramafic,,,,,0.09,0,13.02,36.96,1.495,20.66152729,24.99560515,0,6.98,0,0.65,0,0,0,104.8521324,1.284,0.661,0,0.059,1.3,0.669,0,0.06,0,2.444,1.258,0,0.113,0,0.1,0.052,0,0,0,1
17,137,SP AGK-153,alaskan ultramafic,,,,,0.04,0,13.28,40.76,1.43,17.11206271,22.09996694,0,8.67,0,0.85,0,0,0,104.2420296,1.366,0.592,0,0.066,1.123,0.487,0,0.055,0,2.812,1.219,0,0.137,0,0.1,0.043,0,0,0,1
18,137,SP AGK-145-1,alaskan ultramafic,,,,,0.02,0,13.87,39.49,1.625,16.9734664,22.17463813,0,8.74,0,0.65,0,0,0,103.5431045,1.434,0.635,0,0.053,1.121,0.496,0,0.041,0,2.74,1.214,0,0.101,0,0.114,0.051,0,0,0,1
19,137,SP AGK-156A,alaskan ultramafic,,,,,0.04,0,13.79,38.47,1.82,17.7275808,22.01336733,0,8.87,0,0.65,0,0,0,103.3809481,1.491,0.572,0,0.054,1.224,0.469,0,0.044,0,2.79,1.07,0,0.101,0,0.134,0.051,0,0,0,1
20,137,SP AGK-147,alaskan ultramafic,,,,,0.06,0,10.45,36.9,1.755,21.40092092,26.44965073,0,5.52,0,0.65,0,0,0,103.1855717,0.934,0.683,0,0.054,1.221,0.893,0,0.071,0,2.212,1.617,0,0.129,0,0.107,0.078,0,0,0,1
21,137,SP GK-227A,alaskan ultramafic,,,,,0.06,1.92,14.21,30.87,1.755,19.64481187,27.98620891,0,6.04,0,0.65,0,0,0,103.1360208,1.135,1.087,0,0.06,1.002,0.959,0,0.053,0,1.654,1.584,0,0.088,0,0.095,0.091,0,0.098,0.094,1
22,137,SP AGK-150C,alaskan ultramafic,,,,,0,1.09,12.98,37.97,1.495,15.96512903,23.67061617,0,7.89,0,0.65,0,0,0,101.7107452,1.212,0.802,0,0.049,0.952,0.63,0,0.039,0,2.379,1.574,0,0.097,0,0.095,0.063,0,0.065,0.043,1
23,137,SP AGK-150-1,alaskan ultramafic,,,,,0.11,1.28,12.98,38.31,1.495,15.88522573,23.60248029,0,8.19,0,0.65,0,0,0,102.502706,1.223,0.78,0,0.048,0.956,0.61,0,0.038,0,2.422,1.545,0,0.095,0,0.096,0.061,0,0.077,0.049,1
24,137,SP AGK-148,alaskan ultramafic,,,,,0.08,1,0,21.97,0,44.8295446,30.76507547,0,0.89,0,0,0,0,0,99.53462007,0,0,0,0,0.255,4.949,0,0,0,0.131,2.548,0,0,0,0,0,0,0.006,0.11,1
25,137,SP AGK262&CORE&,alaskan ultramafic,,,,,0.21,1.1,14.74,33.97,0,18.72884266,24.58881919,0,6.88,0,0,0,0,0,100.2176619,1.441,0.909,0,0,1.169,0.737,0,0,0,2.227,1.405,0,0,0,0,0,0,0.069,0.043,1
26,137,SP AGK262&25 OUTSIDE CORE&,alaskan ultramafic,,,,,0.19,1.12,15.1,32.24,0,20.1000518,24.99853276,0,6.7,0,0,0,0,0,100.4485846,1.522,0.881,0,0,1.293,0.749,0,0,0,2.18,1.262,0,0,0,0,0,0,0.072,0.042,1
27,137,SP AGK262&26 INSIDE RIM&,alaskan ultramafic,,,,,0.19,1.14,14.83,32.26,0,19.80600141,24.7569996,0,6.68,0,0,0,0,0,99.66300102,1.504,0.876,0,0,1.283,0.747,0,0,0,2.195,1.278,0,0,0,0,0,0,0.074,0.043,1
28,137,SP AGK262&27 OUTSIDE RIM&,alaskan ultramafic,,,,,0.21,1.35,3.1,24.57,0,37.81637293,29.19397534,0,2.27,0,0,0,0,0,98.51034826,0.068,0.488,0,0,0.527,3.805,0,0,0,0.36,2.597,0,0,0,0,0,0,0.019,0.136,1
29,137,SP AGK262&28 OUTSIDE RIM&,alaskan ultramafic,,,,,0.21,1.44,2.44,24.03,0,39.76512256,30.1002322,0,1.94,0,0,0,0,0,99.92535476,0.045,0.39,0,0,0.467,4.06,0,0,0,0.296,2.578,0,0,0,0,0,0,0.017,0.147,1
30,101,SPPL 1,Alkali/lamprophyres,alkali basalt etc,,,LARGE TRAIN,0.36,0,62.1,0,0,4.490616465,14.96151643,0,17.3,0,0,0,0,0,99.21213289,5.647,2,0,0,0.261,0.092,0,0,0,0,0,0,0,0,0,0,0,0,0,2
31,101,SP 2,Alkali/lamprophyres,alkali basalt etc,,,AN 59,0.17,0.02,64.1,0,0,2.114619443,17.2983846,0,16.2,0,0,0,0,0,99.90300404,5.109,2.724,0,0,0.108,0.057,0,0,0,0,0,0,0,0,0,0,0,0.001,0.001,2
32,101,SP 3,Alkali/lamprophyres,alkali basalt etc,,,AN 59,0.11,0,63,0,0,2.996229279,16.70553646,0,16.3,0,0,0,0,0,99.11176574,5.238,2.526,0,0,0.159,0.077,0,0,0,0,0,0,0,0,0,0,0,0,0,2
33,119,SP CR413,Alkali/lamprophyres,alkali basalt etc,,,OL.THOLEIITE,0,1.12,24.38,34.08,0,11.0532108,13.77902923,0.3,14.7,0,0,0,0,0,99.41224003,3.062,0.448,0.036,0,0.886,0.13,0.01,0,0,2.872,0.42,0.033,0,0,0,0,0,0.09,0.013,2
34,119,SP CR311,Alkali/lamprophyres,alkali basalt etc,,,OL.THOLEIITE,0,1.79,18.76,36.88,0,12.19512683,18.25214417,0.36,11.64,0,0,0,0,0,99.877271,2.093,0.734,0.037,0,0.869,0.305,0.015,0,0,2.76,0.968,0.048,0,0,0,0,0,0.127,0.045,2
35,119,SP CR432,Alkali/lamprophyres,alkali basalt etc,,,PIG.THOLEIITE,0,1.79,18.2,35.7,0,13.28258923,18.7840776,0.31,11.11,0,0,0,0,0,99.17666683,2.067,0.713,0.033,0,0.963,0.332,0.015,0,0,2.72,0.938,0.043,0,0,0,0,0,0.13,0.045,2
36,119,SP CR104,Alkali/lamprophyres,alkali basalt etc,,,ALK.OL.BASALT,0,0.87,17.37,45.88,0,8.402812183,13.4228455,0.38,14.29,0,0,0,0,0,100.6156577,2.064,0.475,0.031,0,0.638,0.147,0.01,0,0,3.658,0.842,0.055,0,0,0,0,0,0.066,0.015,2
37,119,SP CR104,Alkali/lamprophyres,alkali basalt etc,,,ALK.OL.BASALT,0,0.95,19.72,39.28,0,9.734169985,17.86555108,0.42,11.37,0,0,0,0,0,99.33972107,2.029,0.912,0.043,0,0.639,0.287,0.013,0,0,2.711,1.218,0.057,0,0,0,0,0,0.062,0.028,2
38,119,SP CR104,Alkali/lamprophyres,alkali basalt etc,,,ALK.OL.BASALT,0,4.37,13.62,34.01,0,15.06486631,21.79117548,0.48,10.12,0,0,0,0,0,99.45604179,1.505,0.687,0.041,0,1.063,0.485,0.029,0,0,2.522,1.151,0.068,0,0,0,0,0,0.308,0.141,2
39,119,SP CR104,Alkali/lamprophyres,alkali basalt etc,,,ALK.OL.BASALT,0,13.59,6.22,28.95,0,8.863884647,31.95855876,0.63,7.8,0,0,0,0,0,98.01244341,0.451,0.778,0.021,0,0.41,0.708,0.019,0,0,1.408,2.428,0.065,0,0,0,0,0,0.629,1.084,2
40,164,SP SAY-7E-6&,Alkali/lamprophyres,alkali basalt etc,,,1301&-7.11&10&,0,1.67,11.18,45.75,0,11.85956804,12.94672596,0.3,13.8,0,0,0,0,0,97.506294,1.603,0.148,0.02,0,1.086,0.1,0.013,0,0,4.401,0.407,0.054,0,0,0,0,0,0.153,0.014,2
41,164,SP SAY-7E-16&,Alkali/lamprophyres,alkali basalt etc,,,1234&-7.93&38.5&,0,1.85,11.58,47.22,0,8.453672652,13.48110281,0.3,13.37,0,0,0,0,0,96.25477546,1.477,0.364,0.019,0,0.688,0.17,0.009,0,0,4.039,0.996,0.051,0,0,0,0,0,0.151,0.037,2
42,164,SP SAY-7E-17&,Alkali/lamprophyres,alkali basalt etc,,,1201&-8.37&100&,0,1.82,10.92,47.64,0,9.681604081,15.09273774,0.31,12.59,0,0,0,0,0,98.05434182,1.34,0.381,0.019,0,0.759,0.216,0.011,0,0,3.922,1.115,0.055,0,0,0,0,0,0.143,0.041,2
43,164,SP BS-501-8A&,Alkali/lamprophyres,alkali basalt etc,,,1235&-7.92&168&,0,1.64,11.85,49.23,0,7.092392926,15.3975055,0.21,12.43,0,0,0,0,0,97.84989843,1.327,0.54,0.013,0,0.507,0.206,0.005,0,0,3.698,1.505,0.035,0,0,0,0,0,0.117,0.048,2
44,164,SP 94-08--4A&,Alkali/lamprophyres,alkali basalt etc,,,1137&-9.27&354&,0,8.47,16.89,9.14,0,25.68459877,30.38386443,0.47,6.82,0,0,0,0,0,97.8584632,1.846,1.104,0.072,0,1.793,1.072,0.07,0,0,0.67,0.401,0.026,0,0,0,0,0,0.591,0.353,2
45,164,SP 20421-13&,Alkali/lamprophyres,alkali basalt etc,,,1116&-9.59&323&,0,10.86,9.39,0.05,0,38.4786423,34.0195959,0.83,4.84,0,0,0,0,0,98.4682382,0.365,1.441,0.036,0,0.956,3.77,0.093,0,0,0.001,0.005,0,0,0,0,0,0,0.27,1.063,2
46,164,SP 20421-20&,Alkali/lamprophyres,alkali basalt etc,,,1092.5&-9.95&804&,0,11.56,10.93,0.04,0,34.40314574,35.03232378,0.84,4.55,0,0,0,0,0,97.35546952,1.366,0.687,0.143,0,2.746,1.38,0.288,0,0,0.003,0.002,0,0,0,0,0,0,0.922,0.463,2
47,164,SP K-8-16&,Alkali/lamprophyres,alkali basalt etc,,,1234&-7.93&38.5&,0,1.91,37.31,20.05,0,9.623708715,12.84572289,0.2,17.11,0,0,0,0,0,99.0494316,4.49,0.616,0.03,0,0.739,0.101,0.005,0,0,1.619,0.222,0.011,0,0,0,0,0,0.147,0.02,2
48,164,SP K-8-17&,Alkali/lamprophyres,alkali basalt etc,,,1201&-8.37&100&,0,1.48,45.63,13.51,0,7.605922891,14.18960211,0.18,16.98,0,0,0,0,0,99.575525,4.833,1.173,0.029,0,0.514,0.125,0.003,0,0,0.96,0.233,0.006,0,0,0,0,0,0.1,0.024,2
49,164,SP K-8-15&,Alkali/lamprophyres,alkali basalt etc,,,1149&-9.09&217&,0,17.64,9.06,1.08,0,26.06813744,36.41915972,0.4,7.59,0,0,0,0,0,98.25729715,0.972,0.931,0.029,0,1.785,1.711,0.053,0,0,0.078,0.074,0.002,0,0,0,0,0,1.207,1.157,2
50,164,SP K-8-19&,Alkali/lamprophyres,alkali basalt etc,,,1121&-9.51&312&,0,22.22,6.85,1.54,0,20.32501176,41.99778612,0.47,6.84,0,0,0,0,0,100.2427979,0.527,1.025,0.021,0,0.998,1.941,0.039,0,0,0.079,0.155,0.003,0,0,0,0,0,1.091,2.121,2
51,164,SP K-14-17&,Alkali/lamprophyres,alkali basalt etc,,,1201&-8.37&100&,0,1.95,29.51,25.28,0,11.54051279,15.64781648,0.33,14.29,0,0,0,0,0,98.54832927,3.515,0.726,0.046,0,0.878,0.181,0.012,0,0,2.02,0.417,0.027,0,0,0,0,0,0.148,0.031,2
52,164,SP K-14-13&,Alkali/lamprophyres,alkali basalt etc,,,1116&-9.59&323&,0,20.83,7.1,4.26,0,20.79154234,40.46314485,0.71,7.1,0,0,0,0,0,101.2546872,0.564,0.97,0.032,0,1.055,1.814,0.06,0,0,0.227,0.391,0.013,0,0,0,0,0,1.057,1.816,2
53,164,SP K-15-20&,Alkali/lamprophyres,alkali basalt etc,,,1092.5&-9.91&804&,0,19.01,5.27,0.06,0,27.0468254,41.37009686,0.72,4.49,0,0,0,0,0,97.96692226,0.381,0.811,0.035,0,1.249,2.658,0.114,0,0,0.003,0.006,0,0,0,0,0,0,0.877,1.867,2
54,164,SP SSC-1-16&,Alkali/lamprophyres,alkali basalt etc,,,1234&-7.93&38.5&,0,2.15,28.55,27.86,0,9.89522107,17.31668306,0.25,13.49,0,0,0,0,0,99.51190413,3.057,1.07,0.032,0,0.677,0.237,0.007,0,0,2.001,0.7,0.021,0,0,0,0,0,0.147,0.051,2
55,164,SP SSC-1-19&,Alkali/lamprophyres,alkali basalt etc,,,1121&-9.51&312&,0,23.12,5.02,0.28,0,21.43292897,44.29138555,0.44,5.7,0,0,0,0,0,100.2843145,0.342,0.843,0.015,0,0.934,2.297,0.041,0,0,0.013,0.032,0.001,0,0,0,0,0,1.006,2.477,2
56,164,SP SSC-2-20&,Alkali/lamprophyres,alkali basalt etc,,,1092.5&-9.95&804&,0,20.35,4.15,0.07,0,27.03192941,43.26856272,0.69,4.35,0,0,0,0,0,99.91049213,0.275,0.673,0.025,0,1.146,2.799,0.103,0,0,0.003,0.008,0,0,0,0,0,0,0.862,2.106,2
57,164,SP CSQ-3-8A&,Alkali/lamprophyres,alkali basalt etc,,,1235&-7.92&168&,0,2.2,28.1,27.56,0,10.62510638,15.32314164,0.19,14.62,0,0,0,0,0,98.61824802,3.341,0.739,0.025,0,0.807,0.178,0.006,0,0,2.198,0.486,0.016,0,0,0,0,0,0.167,0.037,2
58,164,SP CSQ-3-20&,Alkali/lamprophyres,alkali basalt etc,,,1092.5&-9.95&804&,0,18.69,5.65,0.01,0,28.33831863,39.36042286,0.47,5.9,0,0,0,0,0,98.4187415,0.54,0.711,0.024,0,1.728,2.277,0.078,0,0,0.001,0.001,0,0,0,0,0,0,1.139,1.501,2
59,164,SP WS-4A&,Alkali/lamprophyres,alkali basalt etc,,,1137&-9.27&354&,0,19.31,3.8,10.07,0,17.08707708,42.02297086,0.36,4.19,0,0,0,0,0,96.84004795,0.196,0.698,0.01,0,0.562,2.004,0.027,0,0,0.348,1.241,0.017,0,0,0,0,0,0.634,2.263,2
60,164,SP WS-20&,Alkali/lamprophyres,alkali basalt etc,,,1092.5&-9.95&804&,0,24.05,2.53,1.65,0,18.35855519,47.42653245,0.39,3.51,0,0,0,0,0,97.91508764,0.11,0.545,0.007,0,0.511,2.526,0.032,0,0,0.048,0.239,0.003,0,0,0,0,0,0.67,3.308,2
61,224,SP 1 &CORE&,Alkali/lamprophyres,kimberlite,,,CORE KIMB.,0.09,4.91,11.32,41.84,0,8.812724487,20.95739078,0.94,10.46,0,0,0,0,0,99.33011527,1.077,0.752,0.055,0,0.535,0.374,0.027,0,0,2.67,1.866,0.136,0,0,0,0,0,0.298,0.208,2
62,224,SP 2 &1 RIM&,Alkali/lamprophyres,kimberlite,,,CORE KIMB.,0.44,6.75,0.54,10.59,0,45.71245378,29.53087258,1.01,4.23,0,0,0,0,0,98.80332637,0.021,0.082,0.003,0,1.127,4.412,0.153,0,0,0.274,1.074,0.037,0,0,0,0,0,0.166,0.651,2
63,224,SP 3&CORE&,Alkali/lamprophyres,kimberlite,,,NECK KIMB.,0.26,17.21,9,1.16,0,29.83577716,25.91293985,0.7,13.83,0,0,0,0,0,97.90871701,0.873,0.918,0.025,0,1.848,1.942,0.053,0,0,0.075,0.079,0.002,0,0,0,0,0,1.065,1.119,2
64,224,SP 4&3 RIM&,Alkali/lamprophyres,kimberlite,,,NECK KIMB.,0.39,3.95,38.43,2.31,0,22.63231496,11.21210467,0.46,18.96,0,0,0,0,0,98.34441964,4.014,1.332,0.055,0,1.509,0.501,0.021,0,0,0.162,0.054,0.002,0,0,0,0,0,0.263,0.087,2
65,117,SP 72-1,komatiite,,,,KOMATIITE,0.32,15.5,3.39,0,0,33.81478403,43.88793708,1.36,0.12,0,0,0,0,0,98.39272111,0.011,0.714,0.073,0,0.072,4.548,0.465,0,0,0,0,0,0,0,0,0,0,0.033,2.083,3
66,117,SP 72-3,komatiite,,,,KOMATIITE,0.28,15.3,3.77,0,0,33.85975538,43.45747003,1.38,0.31,0,0,0,0,0,98.35722542,0.033,0.766,0.082,0,0.187,4.392,0.473,0,0,0,0,0,0,0,0,0,0,0.084,1.983,3
67,117,SP 71-1,komatiite,,,,KOMATIITE,0.29,0.36,22.1,44.5,0,7.086350783,8.141688222,0.4,17.9,0,0,0,0,0,100.778039,2.919,0.162,0.037,0,0.598,0.033,0.008,0,0,3.943,0.218,0.05,0,0,0,0,0,0.03,0.002,3
68,117,SP 71-2,komatiite,,,,KOMATIITE,0.32,0.46,24.3,40.6,0,7.613160124,9.237910104,0.32,17.4,0,0,0,0,0,100.2510702,3.154,0.243,0.033,0,0.631,0.049,0.007,0,0,3.535,0.272,0.037,0,0,0,0,0,0.038,0.003,3
69,117,SP 72-4,komatiite,,,,KOMATIITE,0.12,0.4,25.4,38.4,0,7.673189651,11.28000313,0.25,16.1,0,0,0,0,0,99.62319278,3.107,0.474,0.027,0,0.599,0.091,0.005,0,0,3.151,0.48,0.028,0,0,0,0,0,0.031,0.005,3
70,117,SP 72-6,komatiite,,,,KOMATIITE,0.09,0.32,21.6,43.8,0,7.327621424,8.843714444,0.3,17.2,0,0,0,0,0,99.48133587,2.855,0.21,0.028,0,0.618,0.045,0.006,0,0,3.884,0.285,0.038,0,0,0,0,0,0.027,0.002,3
71,117,SP 73-1,komatiite,,,,KOMATIITE,0.31,0.41,22.2,43,0,6.825123003,9.180690499,0.3,17,0,0,0,0,0,99.2258135,2.874,0.288,0.029,0,0.564,0.057,0.006,0,0,3.734,0.374,0.037,0,0,0,0,0,0.034,0.003,3
72,117,SP 73-2,komatiite,,,,KOMATIITE,0.3,0.38,23.1,41.5,0,7.386800107,8.790484828,0.28,17.3,0,0,0,0,0,99.03728493,3.065,0.213,0.028,0,0.626,0.043,0.006,0,0,3.694,0.257,0.034,0,0,0,0,0,0.032,0.002,3
73,117,SP 6-2,komatiite,,,,KOMATIITE,0.36,0.45,25.7,38.1,0,8.308574932,8.564397061,0.38,17.8,0,0,0,0,0,99.66297199,3.456,0.119,0.042,0,0.713,0.024,0.009,0,0,3.437,0.118,0.042,0,0,0,0,0,0.039,0.001,3
74,117,SP 6-3,komatiite,,,,KOMATIITE,0.32,0.32,21.6,43.2,0,7.024384152,7.670400168,0.34,17.6,0,0,0,0,0,98.07478432,2.966,0.128,0.033,0,0.616,0.026,0.007,0,0,3.98,0.171,0.044,0,0,0,0,0,0.028,0.001,3
75,207,SP SA1162 EUHERAL,komatiite,,,,CUMULATE ZONE,0,0.31,15,53,0,3.85530881,16.76088874,0.3,11.7,0,0,0,0,0,100.9261976,1.365,0.87,0.02,0,0.224,0.143,0.003,0,0,3.236,2.062,0.047,0,0,0,0,0,0.018,0.011,3
76,207,SP SA1163 EUHEDAL,komatiite,,,,CUMULATE ZONE,0,0.26,14,56.2,0,3.172474705,12.59895423,0.24,14.3,0,0,0,0,0,100.7714289,1.493,0.571,0.014,0,0.216,0.083,0.002,0,0,4.021,1.537,0.038,0,0,0,0,0,0.018,0.007,3
77,207,SP SA2040 EUHEDRAL,komatiite,,,,SPINIFEX ZONE,0,0.45,13.9,46.8,0,7.050306736,27.88657058,0.52,4.2,0,0,0,0,0,100.8068773,0.562,1.618,0.04,0,0.182,0.524,0.013,0,0,1.27,3.656,0.089,0,0,0,0,0,0.012,0.033,3
78,207,SP SA2041 EUHEDRAL,komatiite,,,,FLOW TOP,0,0.34,12.8,54.9,0,5.139305655,13.51205395,0.32,13.5,0,0,0,0,0,100.5113596,1.394,0.515,0.019,0,0.357,0.132,0.005,0,0,4.011,1.481,0.054,0,0,0,0,0,0.024,0.009,3
79,207,SP SA2044 EUHEDRAL,komatiite,,,,FLOW TOP,0,0.35,14.4,50.3,0,7.840743547,16.57647014,0.47,11.8,0,0,0,0,0,101.7372137,1.463,0.662,0.033,0,0.509,0.23,0.012,0,0,3.429,1.552,0.078,0,0,0,0,0,0.023,0.01,3
80,207,SP SA2053-EUHEDRAL,komatiite,,,,SPINIFEX ZONE,0,0.37,14,50.9,0,7.819900085,14.69516457,0.42,12.9,0,0,0,0,0,101.1050647,1.553,0.517,0.029,0,0.554,0.184,0.01,0,0,3.787,1.261,0.07,0,0,0,0,0,0.026,0.009,3
81,207,SP SA2054-EUHEDRAL,komatiite,,,,CUMULATE ZONE,0,0.69,13.8,39.5,0,14.03451768,28.278096,0.96,3.76,0,0,0,0,0,101.0226137,0.639,1.491,0.093,0,0.415,0.968,0.06,0,0,1.226,2.863,0.178,0,0,0,0,0,0.02,0.048,3
82,207,SP SA336A SKELETAL,komatiite,,,,SPINIFEX ZONE,0,0.39,14.6,48.9,0,7.538645113,15.05013687,0.52,12.3,0,0,0,0,0,99.29878198,1.589,0.599,0.038,0,0.524,0.198,0.013,0,0,3.57,1.346,0.086,0,0,0,0,0,0.027,0.01,3
83,207,SP SA336B EUHEDRAL,komatiite,,,,SPINIFEX ZONE,0,0.41,13.9,49.4,0,8.823434524,13.97355024,0,13.4,0,0,0,0,0,99.90698477,1.677,0.424,0,0,0.68,0.172,0,0,0,3.998,1.01,0,0,0,0,0,0,0.032,0.008,3
84,248,SP RAILWAY BLOCK MINE,komatiite,chromitites,,,CHROMITITE,0,0.2,11.34,50.15,0,8.705919629,9.944079973,0.38,14.39,0,0,0,0,0,95.1099996,1.632,0.134,0.024,0,0.8,0.066,0.012,0,0,4.841,0.398,0.073,0,0,0,0,0,0.018,0.002,3
85,248,SP RAILWAY BLOCK MINE,komatiite,chromitites,,,CHROMITIE,0,0.2,12.9,57.1,0,4.312602644,8.881478149,0.27,16.4,0,0,0,0,0,100.0640808,1.616,0.277,0.015,0,0.345,0.059,0.003,0,0,4.8,0.821,0.045,0,0,0,0,0,0.016,0.003,3
86,248,SP RAILWAY BLOCK MINE,komatiite,chromitites,,,CHROMITITE,0,0.2,12.4,58,0,4.338823697,9.097900658,0.14,16.4,0,0,0,0,0,100.5767244,1.548,0.275,0.008,0,0.346,0.061,0.002,0,0,4.856,0.863,0.024,0,0,0,0,0,0.016,0.003,3
87,248,SP SELUKWE PEAK MINE,komatiite,chromitites,,,CHROMITITE,0,0.2,13.2,53.4,0,3.952042286,13.49585126,0.37,12.8,0,0,0,0,0,97.41789355,1.407,0.613,0.023,0,0.269,0.117,0.004,0,0,3.82,1.664,0.063,0,0,0,0,0,0.014,0.006,3
88,248,SP VALLEY MINE,komatiite,chromitites,,,CHROMITITE,0,0.3,13.7,51.8,0,4.71388972,11.50062571,0.17,14.1,0,0,0,0,0,96.28451543,1.638,0.473,0.011,0,0.36,0.104,0.002,0,0,4.154,1.2,0.028,0,0,0,0,0,0.023,0.007,3
89,248,SP VALLEY MINE,komatiite,chromitites,,,CHROMITITE,0,0.23,12.3,53.4,0,5.165356631,14.21463779,0.33,12.4,0,0,0,0,0,98.03999443,1.318,0.57,0.02,0,0.353,0.153,0.005,0,0,3.838,1.661,0.058,0,0,0,0,0,0.016,0.007,3
90,254,SP 1 DISSEM,komatiite,,,,SERP.ULTRAMAFIC FLOW,0,0,0,0.13,0.91,68.95286651,31.25722858,0.07,0.42,0,0.3,0,0,0,102.0400951,0,0,0,0,0.182,7.611,0.017,0.064,0,0,0.015,0,0,0,0.003,0.107,0,0,0,3
91,254,SP 2 DISSEM,komatiite,,,,TALC CARB,0,0,0,1.61,0.78,66.74054976,31.6451515,0,0,0,0.25,0,0,0,101.0257013,0,0,0,0,0,7.656,0,0.053,0,0,0.194,0,0.001,0,0,0.095,0,0,0,3
92,254,SP 3 DISSEM,komatiite,,,,TALC CARB,0,0.06,0,3.38,0.78,64.80427933,31.18671364,0.05,0.27,0,0.25,0,0,0,100.780993,0,0,0,0,0.113,7.311,0.012,0.052,0,0.006,0.401,0.001,0.003,0,0.001,0.094,0,0,0.007,3
93,254,SP 4 DISSEM,komatiite,,,,TALC CARB,0,0.07,0,10,0.78,58.07522291,31.46725599,0.19,0.1,0,0.25,0,0,0,100.9324789,0,0,0,0,0.037,6.564,0.04,0.046,0,0.007,1.188,0.007,0.008,0,0.001,0.094,0.001,0,0.008,3
94,254,SP 5 RIM ON CHR,komatiite,,,,OL PERIDOT,0,0.49,0,20.51,0.78,46.3473939,30.38685051,1.24,0.36,0,0.25,0,0,0,100.3642444,0,0,0,0,0.106,5.01,0.207,0.036,0,0.049,2.329,0.096,0.017,0,0.002,0.09,0.004,0.001,0.053,3
95,254,SP 6 RIM ON CHR,komatiite,,,,TALC CARB& .96 ZNO&,0,0.14,0.05,22.38,0.78,43.81132035,30.649949,0.21,0.32,0,0.25,0,0,0,98.59126936,0,0.009,0,0,0.092,4.964,0.034,0.036,0,0.05,2.664,0.018,0.019,0,0.002,0.094,0.001,0,0.016,3
96,254,SP ON CHR 7,komatiite,,,,TALC CARB & .66 ZNO&,0,0.1,0.1,15.27,0.78,50.78066766,30.51432739,0.13,0.27,0,0.3,0,0,0,98.24499505,0,0.018,0,0,0.092,5.815,0.025,0.05,0,0.029,1.837,0.008,0.016,0,0.002,0.095,0,0,0.011,3
97,254,SP ON CHR 8,komatiite,,,,TALC CARB&.08 ZNO&,0,0,0,6.17,0.715,61.39267552,30.65527134,0,0.29,0,0.4,0,0,0,99.62294686,0,0,0,0,0.117,6.959,0,0.08,0,0.012,0.735,0,0.008,0,0.001,0.086,0,0,0,3
98,254,SP 1,komatiite,,,,MINER.PERIDOTITE&1.84 ZNO&,0,0,12.25,54.71,0,2.1819975,17.78776294,1.24,9.22,0,0,0,0,0,97.38976044,0.955,0.919,0.073,0,0.109,0.105,0.008,0,0,2.86,2.754,0.219,0,0,0,0,0,0,0,3
99,254,SP 2,komatiite,,,,MINER.PERIDOTITE&.53 ZNO&,0,0.24,10.66,54.52,0,4.323565929,24.09582577,0.49,6.21,0,0,0,0,0,100.5393917,0.593,1.082,0.027,0,0.153,0.28,0.007,0,0,2.033,3.711,0.091,0,0,0,0,0,0.009,0.016,3
100,254,SP 3,komatiite,,,,METAMORPH.ULTRAMAFIC &2.18 ZNO&,0,0.23,10.28,54.35,0,0.165552749,30.49512835,0.69,1.25,0,0,0,0,0,97.4606811,0.117,1.596,0.037,0,0.001,0.016,0,0,0,0.416,5.661,0.13,0,0,0,0,0,0.002,0.023,3
101,254,SP 4,komatiite,,,,METAMORPH.ULTRMAFIC&2.92 ZNO&,0,0.36,8.76,52,0,4.029606417,28.2542167,0.76,2.35,0,0,0,0,0,96.51382312,0.214,1.256,0.039,0,0.063,0.369,0.012,0,0,0.851,5.002,0.156,0,0,0,0,0,0.006,0.033,3
102,254,SP 5,komatiite,,,,TALC CARB &2.59 ZNO&,0,0.33,8.64,53.25,0,2.742080788,28.93810873,0.54,2.02,0,0,0,0,0,96.46018952,0.175,1.29,0.027,0,0.036,0.261,0.005,0,0,0.726,5.334,0.11,0,0,0,0,0,0.004,0.031,3
103,105,SPPLOL A,layered intrusion,other,Scottish Tertiary,Flood basalt,BRECCIA,0,2.08,5.82,22.61,0,36.35422353,29.00909185,0.4,3.07,0,0,0,0,0,99.34331538,0.16,0.851,0.012,0,0.64,3.393,0.047,0,0,0.418,2.217,0.031,0,0,0,0,0,0.037,0.194,4
104,105,SPOL B,layered intrusion,other,Scottish Tertiary,Flood basalt,BRECCIA,0,2.31,6.75,28.3,0,28.61329451,27.60454717,0.37,4.03,0,0,0,0,0,97.97784168,0.907,0.235,0.047,0,2.455,0.635,0.128,0,0,2.551,0.66,0.133,0,0,0,0,0,0.198,0.051,4
105,105,SPCP C,layered intrusion,other,Scottish Tertiary,Flood basalt,BRECCIA,0,3.12,15.11,33.57,0,15.31119173,19.9575497,0.22,10.57,0,0,0,0,0,97.85874143,1.827,0.599,0.022,0,1.182,0.388,0.014,0,0,2.723,0.893,0.032,0,0,0,0,0,0.241,0.079,4
106,114,SP 1,layered intrusion,subvolc sills/dykes,Karoo,subvolc sills/dykes,LOWER PICRITE,0,1.42,23.47,34.06,0,9.677081454,17.86089683,0,12.17,0,0,0,0,0,98.65797828,2.473,1.043,0,0,0.651,0.275,0,0,0,2.407,1.016,0,0,0,0,0,0,0.095,0.04,4
107,114,SP 2,layered intrusion,subvolc sills/dykes,Karoo,subvolc sills/dykes,MIDDLE PICRITE,0,0.5,19.86,34.05,0,14.32771809,22.7602167,0.45,7.98,0,0,0,0,0,99.92793478,1.765,1.224,0.057,0,0.813,0.564,0.026,0,0,2.03,1.408,0.065,0,0,0,0,0,0.028,0.02,4
108,114,SP 3,layered intrusion,subvolc sills/dykes,Karoo,subvolc sills/dykes,MIDDLE PICRITE,0,1.74,15.1,33.12,0,17.89620339,22.89564516,0.48,7.91,0,0,0,0,0,99.14184855,1.599,0.77,0.055,0,1.21,0.583,0.042,0,0,2.353,1.133,0.081,0,0,0,0,0,0.118,0.057,4
109,114,SP 4,layered intrusion,subvolc sills/dykes,Karoo,subvolc sills/dykes,LOWER PICRITE,0,7.2,5.41,29.88,0,19.32675097,31.59631531,0,4.48,0,0,0,0,0,97.89306628,0.367,0.654,0,0,0.838,1.491,0,0,0,1.361,2.422,0,0,0,0,0,0,0.312,0.555,4
110,114,SP 5,layered intrusion,subvolc sills/dykes,Karoo,subvolc sills/dykes,MIDDLE PICRITE,0,5.16,5,22.67,0,32.04907523,29.91139124,0.5,4.22,0,0,0,0,0,99.51046647,0.755,0.108,0.051,0,3.09,0.441,0.208,0,0,2.297,0.328,0.155,0,0,0,0,0,0.497,0.071,4
111,114,SP 6,layered intrusion,subvolc sills/dykes,Karoo,subvolc sills/dykes,OL.GABBRO,0,0.7,3.35,14.52,0,49.17324821,28.8279682,0,2.12,0,0,0,0,0,98.69121641,0.069,0.527,0,0,0.648,4.942,0,0,0,0.201,1.533,0,0,0,0,0,0,0.009,0.07,4
112,114,SP 7,layered intrusion,subvolc sills/dykes,Karoo,subvolc sills/dykes,OL.GABBRO,0,2.71,3.09,3.98,0,57.20461758,29.3411237,0,2.99,0,0,0,0,0,99.31574129,0.086,0.475,0,0,1.021,5.618,0,0,0,0.075,0.411,0,0,0,0,0,0,0.048,0.266,4
113,114,SPOL 1 AVE OF 3,layered intrusion,subvolc sills/dykes,Karoo,subvolc sills/dykes,CHILLED MARGIN,0,0.62,21.14,39.02,0,8.196274048,21.01981129,0,9.61,0,0,0,0,0,99.60608533,1.778,1.416,0,0,0.44,0.351,0,0,0,2.202,1.754,0,0,0,0,0,0,0.033,0.027,4
114,114,SPOL 2 AVE OF 4,layered intrusion,subvolc sills/dykes,Karoo,subvolc sills/dykes,CHILLED MARGIN,0,0.46,26.09,34.5,0,7.103605399,23.32157536,0,8.64,0,0,0,0,0,100.1151808,1.839,2.022,0,0,0.32,0.351,0,0,0,1.631,1.793,0,0,0,0,0,0,0.021,0.023,4
115,114,SP 3 CORE,layered intrusion,subvolc sills/dykes,Karoo,subvolc sills/dykes,CHILLED MARGIN,0,2.93,18.94,32.59,0,11.91835229,25.91231329,0,7.56,0,0,0,0,0,99.85066558,1.417,1.597,0,0,0.569,0.642,0,0,0,1.635,1.843,0,0,0,0,0,0,0.14,0.158,4
116,114,SP 4 AVE IN ZONED,layered intrusion,subvolc sills/dykes,Karoo,subvolc sills/dykes,CHILLED MARGIN,0,4.04,14.09,28.64,0,17.83687448,29.02824437,0,5.46,0,0,0,0,0,99.09511885,1.022,1.363,0,0,0.826,1.101,0,0,0,1.393,1.858,0,0,0,0,0,0,0.187,0.249,4
117,114,SP 5 OUTER RIM,layered intrusion,subvolc sills/dykes,Karoo,subvolc sills/dykes,CHILLED MARGIN,0,8.17,8.72,20.33,0,23.45660343,34.42595379,0,3.69,0,0,0,0,0,98.79255722,0.542,1.098,0,0,0.931,1.885,0,0,0,0.848,1.717,0,0,0,0,0,0,0.324,0.656,4
118,114,SP 6 OUTER ZONE,layered intrusion,subvolc sills/dykes,Karoo,subvolc sills/dykes,CHILLED MARGIN,0,8.68,4.85,14.13,0,32.71097017,36.05838157,0,2.45,0,0,0,0,0,98.87935174,0.378,0.574,0,0,1.629,2.471,0,0,0,0.739,1.121,0,0,0,0,0,0,0.432,0.655,4
119,115,SP 1,layered intrusion,subvolc sills/dykes,Karoo,subvolc sills/dykes,,0,0.44,26.17,34.35,0,6.696887329,22.7673571,0,8.82,0,0,0,0,0,99.24424443,1.886,2.008,0,0,0.308,0.328,0,0,0,1.66,1.768,0,0,0,0,0,0,0.02,0.022,4
120,115,SP 2,layered intrusion,subvolc sills/dykes,Karoo,subvolc sills/dykes,,0,0.49,17.67,30.26,0,19.69664745,21.7262142,0,8.29,0,0,0,0,0,98.13286165,2.187,0.592,0,0,1.557,0.422,0,0,0,2.513,0.681,0,0,0,0,0,0,0.039,0.01,4
121,115,SP 3,layered intrusion,subvolc sills/dykes,Karoo,subvolc sills/dykes,,0,4.13,14.9,27.24,0,18.02338084,29.0584987,0,5.53,0,0,0,0,0,98.88187954,1.094,1.425,0,0,0.845,1.101,0,0,0,1.342,1.748,0,0,0,0,0,0,0.193,0.252,4
122,115,SP 4,layered intrusion,subvolc sills/dykes,Karoo,subvolc sills/dykes,,0,8.66,7.07,20.63,0,24.03152597,34.13484455,0,3.92,0,0,0,0,0,98.44637052,0.485,0.869,0,0,1.053,1.885,0,0,0,0.95,1.7,0,0,0,0,0,0,0.379,0.679,4
123,115,SP 5,layered intrusion,subvolc sills/dykes,Karoo,subvolc sills/dykes,,0,1.99,5.58,18.68,0,40.31043428,29.98574399,0,2.52,0,0,0,0,0,99.06617827,0.129,0.86,0,0,0.595,3.969,0,0,0,0.289,1.932,0,0,0,0,0,0,0.029,0.196,4
124,115,SP 6,layered intrusion,subvolc sills/dykes,Karoo,subvolc sills/dykes,,0,0.7,3.35,14.52,0,49.17324821,28.8279682,0,2.12,0,0,0,0,0,98.69121641,0.069,0.527,0,0,0.648,4.942,0,0,0,0.201,1.533,0,0,0,0,0,0,0.009,0.07,4
125,115,SP 7,layered intrusion,subvolc sills/dykes,Karoo,subvolc sills/dykes,,0,2.71,3.09,3.98,0,57.20461758,29.3411237,0,2.99,0,0,0,0,0,99.31574129,0.086,0.475,0,0,1.021,5.618,0,0,0,0.075,0.411,0,0,0,0,0,0,0.048,0.266,4
126,115,SP 8 AVE OF 6 RIMS,layered intrusion,subvolc sills/dykes,Karoo,subvolc sills/dykes,,0,9.22,5.6,17.23,0,27.25276144,36.17566926,0,2.67,0,0,0,0,0,98.1484307,0.321,0.787,0,0,0.998,2.444,0,0,0,0.663,1.623,0,0,0,0,0,0,0.337,0.826,4
127,126,SP 1&1 STRATIGRAPHIC ORDER&,layered intrusion,chromitite,chromitite,other,LOWER CHROMITITE,0,0.51,17.53,43.69,0,6.2701175,23.93519426,0.84,6.71,0,0,0,0,0,99.48531176,1.054,1.612,0.075,0,0.241,0.368,0.017,0,0,1.762,2.695,0.125,0,0,0,0,0,0.02,0.03,4
128,126,SP 2&2&,layered intrusion,chromitite,chromitite,other,LOWER CHROMITITE,0,0.42,18.73,43.29,0,6.979426973,20.85521877,0.55,9.06,0,0,0,0,0,99.88464575,1.474,1.33,0.051,0,0.351,0.316,0.012,0,0,2.285,2.062,0.079,0,0,0,0,0,0.021,0.019,4
129,126,SP 3&3&,layered intrusion,chromitite,chromitite,other,LOWER CHROMITITE,0,0.36,19.41,43.83,0,4.63274513,22.99776003,0.65,7.56,0,0,0,0,0,99.44050516,1.221,1.706,0.06,0,0.186,0.26,0.009,0,0,1.849,2.584,0.09,0,0,0,0,0,0.014,0.02,4
130,126,SP 4&4&,layered intrusion,chromitite,chromitite,other,LOWER CHROMITITE,0,0.3,20.2,42.53,0,5.737566299,22.03612674,0.66,8.28,0,0,0,0,0,99.74369304,1.404,1.605,0.064,0,0.255,0.291,0.012,0,0,1.983,2.267,0.09,0,0,0,0,0,0.013,0.015,4
131,126,SP 5&5&,layered intrusion,chromitite,chromitite,other,LOWER CHROMITITE,0,0.55,18.32,43.31,0,6.198354181,24.44374136,0.38,6.92,0,0,0,0,0,100.1220955,1.108,1.694,0.035,0,0.239,0.366,0.007,0,0,1.756,2.686,0.055,0,0,0,0,0,0.021,0.032,4
132,126,SP 6&6&,layered intrusion,other,,other,LOWER PERIDOTITE,0,0.75,16.2,42.88,0,6.819031659,29.99359165,0.33,3.24,0,0,0,0,0,100.2126233,0.502,2.072,0.029,0,0.135,0.557,0.008,0,0,0.891,3.679,0.052,0,0,0,0,0,0.015,0.061,4
133,126,SP 7&7&,layered intrusion,other,,other,LOWER PERIDOTITE,0,1.02,15.77,41.14,0,7.956277824,31.09981506,0.29,2.57,0,0,0,0,0,99.84609288,0.409,2.135,0.026,0,0.132,0.688,0.008,0,0,0.715,3.737,0.046,0,0,0,0,0,0.017,0.088,4
134,126,SP 8&8&,layered intrusion,other,,other,LOWER PERIDOTITE,0,1.38,11.68,39.9,0,13.42846333,32.28827887,0.31,1.69,0,0,0,0,0,100.6767422,0.25,1.675,0.026,0,0.183,1.23,0.019,0,0,0.572,3.839,0.06,0,0,0,0,0,0.019,0.126,4
135,126,SP 9&9&,layered intrusion,other,,other,LOWER PERIDOTITE,0,0.34,17.99,41.98,0,7.734540878,25.56016406,0.25,6.06,0,0,0,0,0,99.91470494,1.022,1.759,0.024,0,0.28,0.483,0.007,0,0,1.6,2.754,0.037,0,0,0,0,0,0.012,0.021,4
136,126,SP 10&10&,layered intrusion,chromitite,chromitite,other,CHROMITITE MIDDLE,0,0.24,17.82,43.06,0,7.126555119,24.97895892,0.41,6.26,0,0,0,0,0,99.89551404,1.027,1.708,0.038,0,0.262,0.436,0.01,0,0,1.664,2.769,0.062,0,0,0,0,0,0.009,0.015,4
137,126,SP 11&11&,layered intrusion,chromitite,chromitite,other,CHROMITITE MIDDLE,0,0.3,20.16,42.89,0,5.376211171,23.09612578,0.42,7.81,0,0,0,0,0,100.0523369,1.31,1.718,0.04,0,0.223,0.293,0.007,0,0,1.87,2.453,0.057,0,0,0,0,0,0.012,0.016,4
138,126,SP 12&12&,layered intrusion,chromitite,chromitite,other,CHROMITITE MIDDLE,0,0.31,20.84,42.43,0,4.96703037,23.74712864,0.47,7.47,0,0,0,0,0,100.234159,1.275,1.845,0.046,0,0.194,0.281,0.007,0,0,1.741,2.52,0.062,0,0,0,0,0,0.012,0.018,4
139,126,SP 13&13&,layered intrusion,chromitite,chromitite,other,CHROMITITE MIDDLE,0,0.37,19.65,42.65,0,6.30619724,22.89573235,0.53,7.9,0,0,0,0,0,100.3019296,1.324,1.619,0.05,0,0.271,0.332,0.01,0,0,1.928,2.357,0.073,0,0,0,0,0,0.016,0.019,4
140,126,SP 14&14&,layered intrusion,chromitite,chromitite,other,CHROMITITE MIDDLE,0,0.68,16.9,43.7,0,6.312805066,25.8078246,0.62,5.72,0,0,0,0,0,99.74062966,0.879,1.735,0.054,0,0.21,0.414,0.013,0,0,1.525,3.01,0.094,0,0,0,0,0,0.023,0.045,4
141,100,SP 165-1&8.265 A CELL EDGE&,ophiolite,ocean floor peridotite,,,DUNITE,0,0,23.9,39.7,0,8.149222785,13.97094602,0,14.2,0,0,0,0,0,99.92016881,2.718,0.713,0,0,0.592,0.155,0,0,0,3.028,0.794,0,0,0,0,0,0,0,0,5
142,100,SP 165-2&8.231 A&,ophiolite,ocean floor peridotite,,,DUNITE,0,0,24.1,39.9,0,8.312939449,13.92369557,0,14.4,0,0,0,0,0,100.636635,2.743,0.689,0,0,0.604,0.152,0,0,0,3.047,0.765,0,0,0,0,0,0,0,0,5
143,100,SP 6-1&8.259 A&,ophiolite,ocean floor peridotite,,,HARZBURGITE,0,0,26.2,40.8,0,5.314830118,12.52016791,0,15.5,0,0,0,0,0,100.334998,2.875,0.805,0,0,0.372,0.104,0,0,0,3.003,0.841,0,0,0,0,0,0,0,0,5
144,100,SP 6-5&8.233 A&,ophiolite,ocean floor peridotite,,,HARZBURGITE,0,0,32.3,37.4,0,0.847834142,13.73757007,0,15.2,0,0,0,0,0,99.48540421,3.016,1.444,0,0,0.051,0.024,0,0,0,2.343,1.122,0,0,0,0,0,0,0,0,5
145,100,SP 156-10&8.23 A&,ophiolite,ocean floor peridotite,,,HARZBURGITE,0,0,32.4,38.7,0,0.043697906,14.06070548,0,15.2,0,0,0,0,0,100.4044034,2.925,1.514,0,0,0.003,0.001,0,0,0,2.344,1.213,0,0,0,0,0,0,0,0,5
146,100,SP 112-1&8.23 A&,ophiolite,ocean floor peridotite,,,HARZBURGITE,0,0,32.3,37.4,0,1.34102266,14.49404946,0,14.9,0,0,0,0,0,100.4350721,2.957,1.479,0,0,0.078,0.039,0,0,0,2.297,1.149,0,0,0,0,0,0,0,0,5
147,100,SP 192-1&8.234 A&,ophiolite,ocean floor peridotite,,,HARZBURGITE,0,0,30.5,35.4,0,5.024826686,13.58101592,0,15.1,0,0,0,0,0,99.60584261,3.177,1.069,0,0,0.334,0.112,0,0,0,2.474,0.833,0,0,0,0,0,0,0,0,5
148,100,SP 192-3&8.235 A&,ophiolite,ocean floor peridotite,,,HARZBURGITE,0,0,30.4,35.3,0,5.78189777,12.20008122,0,16,0,0,0,0,0,99.68197899,3.38,0.829,0,0,0.41,0.101,0,0,0,2.633,0.646,0,0,0,0,0,0,0,0,5
149,100,SP 159-10&8.254 A&,ophiolite,ocean floor peridotite,,,WEHRLITE,0,0,25,40.8,0,5.073457164,18.33735484,0,11.7,0,0,0,0,0,100.910812,2.166,1.43,0,0,0.281,0.185,0,0,0,2.372,1.566,0,0,0,0,0,0,0,0,5
150,100,SP 165-8&8.286 A CELL EDGE&,ophiolite,ocean floor peridotite,,,OL.GABBRO,0,0,20.6,40.7,0,10.23935402,17.69117802,0,11.6,0,0,0,0,0,100.830532,2.147,0.88,0,0,0.681,0.279,0,0,0,2.846,1.167,0,0,0,0,0,0,0,0,5
151,102,SP 1A,ophiolite,Chromitite,Chromitite,chromitite,,2.7,0.1,31,30.8,0,4.408844723,8.174965121,0.1,17,0,0,0,0,0,94.28380984,3.981,0.553,0.013,0,0.361,0.05,0.001,0,0,2.653,0.368,0.009,0,0,0,0,0,0.008,0.001,5
152,102,SP 1B,ophiolite,Chromitite,Chromitite,chromitite,,0.7,0,33.6,31.3,0,3.96047966,9.04818104,0.2,17.4,0,0,0,0,0,96.2086607,3.976,0.703,0.026,0,0.299,0.053,0.002,0,0,2.485,0.439,0.016,0,0,0,0,0,0,0,5
153,102,SP 2A,ophiolite,Chromitite,Chromitite,chromitite,,0.6,0.1,13.8,54.1,0,3.372415562,11.86712578,0,14.1,0,0,0,0,0,97.93954134,1.562,0.549,0,0,0.244,0.086,0,0,0,4.107,1.443,0,0,0,0,0,0,0.007,0.003,5
154,102,SP 2B,ophiolite,Chromitite,Chromitite,chromitite,,1.2,0.1,14.6,53,0,1.439514733,14.60547545,0,12.1,0,0,0,0,0,97.04499018,1.412,0.872,0,0,0.089,0.055,0,0,0,3.44,2.123,0,0,0,0,0,0,0.006,0.004,5
155,102,SP 3,ophiolite,Chromitite,Chromitite,chromitite,,2.1,0.2,11.9,52.4,0,5.61010078,11.85460029,0.3,13.4,0,0,0,0,0,97.76470107,1.445,0.412,0.018,0,0.435,0.124,0.006,0,0,4.269,1.217,0.054,0,0,0,0,0,0.015,0.004,5
156,102,SP 4,ophiolite,Chromitite,Chromitite,chromitite,,0.5,0,11.2,56.5,0,4.453996089,11.37436845,0.1,14.1,0,0,0,0,0,98.22836454,1.33,0.39,0.005,0,0.338,0.099,0.001,0,0,4.5,1.319,0.018,0,0,0,0,0,0,0,5
157,102,SP 5A,ophiolite,Chromitite,Chromitite,chromitite,,2.5,0.3,29.4,33.9,0,4.9960897,10.30678729,0,16.4,0,0,0,0,0,97.80287699,3.534,0.702,0,0,0.383,0.076,0,0,0,2.733,0.543,0,0,0,0,0,0,0.023,0.005,5
158,102,SP 5B,ophiolite,Chromitite,Chromitite,chromitite,,1.8,0.1,30.1,35.8,0,4.030379872,9.555325037,0.1,17.1,0,0,0,0,0,98.58570491,3.542,0.689,0.012,0,0.303,0.059,0.001,0,0,2.826,0.55,0.009,0,0,0,0,0,0.008,0.001,5
159,102,SP 5C,ophiolite,Chromitite,Chromitite,chromitite,,1.3,0.3,29.9,34.3,0,6.84263587,7.04583944,0,19,0,0,0,0,0,98.68847531,4.056,0.106,0,0,0.593,0.016,0,0,0,3.121,0.082,0,0,0,0,0,0,0.026,0.001,5
160,102,SP 5D,ophiolite,Chromitite,Chromitite,chromitite,,0.7,0,31.8,34.1,0,3.29461183,10.40709342,0.2,16.5,0,0,0,0,0,97.00170525,3.556,0.9,0.024,0,0.235,0.06,0.002,0,0,2.558,0.647,0.018,0,0,0,0,0,0,0,5
161,102,SP 6,ophiolite,Chromitite,Chromitite,chromitite,,1.4,0.1,9.3,56.8,0,6.452344143,9.396985249,0,15.2,0,0,0,0,0,98.64932939,1.273,0.169,0,0,0.564,0.075,0,0,0,5.218,0.692,0,0,0,0,0,0,0.009,0.001,5
162,102,SP 7A,ophiolite,Chromitite,Chromitite,chromitite,,0.9,0,16.4,48,0,5.548889175,9.809581704,0.2,15,0,0,0,0,0,95.85847088,2.118,0.382,0.016,0,0.458,0.082,0.003,0,0,4.16,0.749,0.032,0,0,0,0,0,0,0,5
163,102,SP 7B,ophiolite,Chromitite,Chromitite,chromitite,,0.7,0.1,18,51.7,0,1.113370049,13.00877433,0.2,13.8,0,0,0,0,0,98.62214438,1.8,0.879,0.015,0,0.071,0.035,0.001,0,0,3.469,1.693,0.029,0,0,0,0,0,0.006,0.003,5
164,102,SP 8A,ophiolite,Chromitite,Chromitite,chromitite,,0.5,0,27.2,42,0,2.784123844,11.40620691,0,16.2,0,0,0,0,0,100.0903308,2.91,0.897,0,0,0.19,0.059,0,0,0,3.015,0.929,0,0,0,0,0,0,0,0,5
165,102,SP 8B,ophiolite,Chromitite,Chromitite,chromitite,,1.3,0.1,25.6,40.3,0,4.92599671,9.269800019,0.1,16.9,0,0,0,0,0,98.49579673,3.151,0.506,0.011,0,0.387,0.062,0.001,0,0,3.327,0.534,0.011,0,0,0,0,0,0.008,0.001,5
166,102,SP 9,ophiolite,Chromitite,Chromitite,chromitite,,0.6,0,12,58.1,0,3.311764628,10.3216505,0,15.2,0,0,0,0,0,99.53341512,1.423,0.386,0,0,0.251,0.068,0,0,0,4.621,1.252,0,0,0,0,0,0,0,0,5
167,102,SP 10,ophiolite,Chromitite,Chromitite,chromitite,,0.8,0,21.1,42.9,0,5.692795938,10.42016958,0.2,15.2,0,0,0,0,0,96.31296552,2.622,0.513,0.02,0,0.452,0.088,0.003,0,0,3.576,0.699,0.027,0,0,0,0,0,0,0,5
168,102,SP 11,ophiolite,Chromitite,Chromitite,chromitite,,2.6,0,15.5,48.1,0,6.453170526,9.706253711,0.3,14.9,0,0,0,0,0,97.55942424,2.063,0.303,0.024,0,0.548,0.081,0.006,0,0,4.295,0.631,0.049,0,0,0,0,0,0,0,5
169,102,SP 12,ophiolite,Chromitite,Chromitite,chromitite,,1.8,0.3,18.1,47.1,0,5.749651174,9.329011166,0.3,16,0,0,0,0,0,98.67866234,2.338,0.341,0.025,0,0.474,0.069,0.005,0,0,4.082,0.595,0.043,0,0,0,0,0,0.025,0.004,5
170,102,SP 13,ophiolite,Chromitite,Chromitite,chromitite,,1,0.1,8.8,58.2,0,4.209898968,12.31392316,0.3,13,0,0,0,0,0,97.92382213,1.008,0.371,0.013,0,0.308,0.113,0.004,0,0,4.47,1.645,0.059,0,0,0,0,0,0.007,0.003,5
171,102,SP 14,ophiolite,Chromitite,Chromitite,chromitite,,1,0.2,5.8,59.9,0,7.695255331,10.17912542,0.2,14.5,0,0,0,0,0,99.47438076,0.802,0.101,0.006,0,0.679,0.086,0.005,0,0,5.557,0.7,0.044,0,0,0,0,0,0.018,0.002,5
172,102,SP 15A,ophiolite,Chromitite,Chromitite,chromitite,,3.3,0.2,8.3,55.1,0,5.533934762,12.8231137,0,12.3,0,0,0,0,0,97.55704847,1,0.358,0,0,0.426,0.152,0,0,0,4.452,1.593,0,0,0,0,0,0,0.015,0.005,5
173,102,SP 15B,ophiolite,Chromitite,Chromitite,chromitite,,4.1,0.2,10.3,50.3,0,8.794785698,11.09021647,0.2,13.5,0,0,0,0,0,98.48500217,1.451,0.192,0.012,0,0.791,0.104,0.007,0,0,4.755,0.628,0.04,0,0,0,0,0,0.018,0.002,5
174,102,SP 16,ophiolite,Chromitite,Chromitite,chromitite,,3.1,0.2,9.3,52.5,0,9.08613772,9.928110284,0.4,14.3,0,0,0,0,0,98.814248,1.36,0.093,0.022,0,0.848,0.058,0.013,0,0,5.149,0.354,0.082,0,0,0,0,0,0.019,0.001,5
175,102,SP 17,ophiolite,Chromitite,Chromitite,chromitite,,0.8,0.1,19.8,48.5,0,2.46705374,16.07139782,0,12.4,0,0,0,0,0,100.1384516,1.804,1.131,0,0,0.144,0.09,0,0,0,2.965,1.858,0,0,0,0,0,0,0.006,0.004,5
176,102,SP 18,ophiolite,Chromitite,Chromitite,chromitite,,1.4,0.1,16.4,51.4,0,4.222762631,11.20233313,0,15,0,0,0,0,0,99.72509576,1.916,0.53,0,0,0.315,0.087,0,0,0,4.027,1.115,0,0,0,0,0,0,0.007,0.002,5
177,102,SP 19,ophiolite,Chromitite,Chromitite,chromitite,,1.6,0.2,9.7,57.1,0,5.188930597,10.83337394,0.2,14.3,0,0,0,0,0,99.12230454,1.207,0.292,0.01,0,0.412,0.1,0.003,0,0,4.766,1.153,0.038,0,0,0,0,0,0.016,0.004,5
178,102,SP 20,ophiolite,Chromitite,Chromitite,chromitite,,0.9,0.3,8.9,57.5,0,5.405697913,12.23844944,0.3,13.4,0,0,0,0,0,98.94414736,1.054,0.325,0.013,0,0.409,0.126,0.005,0,0,4.569,1.41,0.058,0,0,0,0,0,0.023,0.007,5
179,104,SP P14A,xenoliths,basalts,,,LHERZOLITE,0.05,0.04,58.14,9.59,0,2.195815869,8.935282632,0,21.12,0,0,0,0,0,100.0710985,5.948,1.099,0,0,0.143,0.027,0,0,0,0.658,0.122,0,0,0,0,0,0,0.003,0,6
180,104,SP E-1,xenoliths,basalts,,,LHERZOLITE,0.02,0.07,58.12,9.69,0,1.0229225,8.610102408,0.15,20.97,0,0,0,0,0,98.65302491,5.884,1.21,0.024,0,0.066,0.014,0,0,0,0.658,0.135,0.003,0,0,0,0,0,0.005,0.001,6
181,104,SP P39,xenoliths,basalts,,,WEHRLITE,0,0.56,56.37,3.18,0,7.244571659,15.73464478,0.2,16.59,0,0,0,0,0,99.87921644,5.388,1.679,0.037,0,0.442,0.138,0.003,0,0,0.204,0.064,0.001,0,0,0,0,0,0.034,0.011,6
182,107,SP 1 &8.342 A CELL EDGE&,xenoliths,island arc,,,SERPENTINITE,0.04,0.5,6.63,56,0,10.24032638,14.26017956,0.04,12.54,0,0,0,0,0,100.2505059,0.846,0.191,0.002,0,0.835,0.188,0.002,0,0,4.795,1.082,0.009,0,0,0,0,0,0.041,0.009,6
183,107,SP 2 &8.342 A&,xenoliths,island arc,,,SERPENTINITE,0.3,0.5,5.46,55.81,0,11.8385364,13.32966139,0.15,12.89,0,0,0,0,0,100.2781978,0.766,0.089,0.005,0,1.06,0.124,0.007,0,0,5.252,0.612,0.035,0,0,0,0,0,0.045,0.005,6
184,107,SP 1-A &8.341 A&,xenoliths,island arc,,,DUNITE,0.01,0.6,9.01,48.17,0,16.32766964,11.55983495,0.3,14.41,0,0,0,0,0,100.3875046,0.946,0.426,0.011,0,1.094,0.493,0.013,0,0,3.392,1.527,0.04,0,0,0,0,0,0.04,0.018,6
185,107,SP 2-A &8.341 A&,xenoliths,island arc,,,DUNITE,0.62,0.69,8.24,47.6,0,17.18769278,11.72829545,0.12,14.27,0,0,0,0,0,100.4559882,0.872,0.402,0.004,0,1.161,0.535,0.006,0,0,3.378,1.558,0.016,0,0,0,0,0,0.047,0.021,6
186,107,SP 5-A &8.299 A&,xenoliths,island arc,,,CR-DIOP-PERIDOTITE,0.23,0.59,11.49,46.16,0,15.22669232,10.56504208,0.49,15.02,0,0,0,0,0,99.7717344,1.238,0.488,0.023,0,1.047,0.413,0.019,0,0,3.336,1.316,0.062,0,0,0,0,0,0.041,0.016,6
187,107,SP 3-A &8.298 A&,xenoliths,island arc,,,DUNITE,0.58,0.64,12.84,42.05,0,17.49808865,12.7911818,0.03,14.1,0,0,0,0,0,100.5292704,1.292,0.658,0.002,0,1.125,0.572,0.001,0,0,2.839,1.445,0.003,0,0,0,0,0,0.041,0.021,6
188,107,SP 4-A &8.204 A&,xenoliths,island arc,,,CR-DIOP-PERIDOTITE,0.51,0.38,10.01,30.97,0,35.46353347,3.386932992,0.07,19.57,0,0,0,0,0,100.3604665,1.357,0.132,0.003,0,3.071,0.298,0.006,0,0,2.818,0.274,0.006,0,0,0,0,0,0.033,0.003,6
189,107,SP 18-A &8.119 A&,xenoliths,island arc,,,BANDED GABBRO,0.25,0.41,49.26,5.05,0,15.31790723,11.20304198,0.4,18.59,0,0,0,0,0,100.4809492,4.656,1.574,0.057,0,0.924,0.312,0.011,0,0,0.32,0.108,0.004,0,0,0,0,0,0.025,0.008,6
190,107,SP 15-A &8.342 A&,xenoliths,island arc,,,AL PYROXENITE,0.22,0.81,42.73,1.04,0,24.26813985,14.96298805,0.43,15.48,0,0,0,0,0,99.9411279,3.692,2.002,0.058,0,1.339,0.726,0.021,0,0,0.06,0.033,0.001,0,0,0,0,0,0.045,0.024,6
191,108,SPCP 23 SYMPLECTITE,xenoliths,unspecified,,,SP-HARZBURGITE,0,0.04,21.72,46.73,0,2.152389043,12.9843673,0.18,14.18,0,0,0,0,0,97.98675635,2.209,0.965,0.016,0,0.14,0.061,0.001,0,0,3.188,1.393,0.023,0,0,0,0,0,0.003,0.001,6
192,108,SP R-72 KIMBERLITE,xenoliths,unspecified,,,SP-HARZBURGITE,0,0.02,10.26,58.99,0,2.725265778,12.85915548,0.38,12.98,0,0,0,0,0,98.21442126,1.085,0.488,0.018,0,0.184,0.083,0.003,0,0,4.185,1.882,0.07,0,0,0,0,0,0.001,0.001,6
193,108,SP SAN QUINTIN,xenoliths,unspecified,,,SP-LHERZOLITE IN BASALT,0,0.02,56.15,11.35,0,2.471317,8.277494067,0.12,21.15,0,0,0,0,0,99.53881107,5.906,0.948,0.019,0,0.166,0.027,0.001,0,0,0.801,0.129,0.003,0,0,0,0,0,0.001,0,6
194,109,SP P-29-MODE=CP68 OP13 OL15,xenoliths,unspecified,,,OL.WEBSTERITE,0.07,0.33,50.79,13.04,0,5.861355299,12.10861468,0.15,18.48,0,0,0,0,0,100.82997,5.28,1.095,0.024,0,0.389,0.081,0.002,0,0,0.909,0.189,0.004,0,0,0,0,0,0.022,0.005,6
195,109,SP P-125A CP70 OP26,xenoliths,unspecified,,,WEBSTERITE,0.1,0.22,55.82,7.64,0,5.086910616,12.40515419,0.14,18.57,0,0,0,0,0,99.98206481,5.594,1.323,0.024,0,0.326,0.077,0.001,0,0,0.514,0.121,0.002,0,0,0,0,0,0.014,0.003,6
196,109,SP P-125C CP65 OP4 OL27,xenoliths,unspecified,,,OL CPXITE,0.09,0.64,51.79,7.72,0,8.350576316,15.91990703,0.18,16.25,0,0,0,0,0,100.9404833,5.096,1.479,0.032,0,0.525,0.152,0.003,0,0,0.51,0.148,0.003,0,0,0,0,0,0.04,0.012,6
197,109,SP P-5 CP10 OP7 OL79,xenoliths,unspecified,,,LHERZOLITE,0.08,0.44,47.02,18.32,0,4.334652041,12.35172351,0.2,17.95,0,0,0,0,0,100.6963755,4.748,1.254,0.03,0,0.279,0.074,0.002,0,0,1.241,0.328,0.008,0,0,0,0,0,0.028,0.007,6
198,109,SP 80-11 CP23 PO40 OL36,xenoliths,unspecified,,,OL.WEBSTERITE,0.12,0.32,49.63,15.11,0,5.165185854,13.83478408,0.16,17.41,0,0,0,0,0,101.7499699,4.823,1.428,0.025,0,0.32,0.095,0.002,0,0,0.985,0.292,0.005,0,0,0,0,0,0.02,0.006,6
199,109,SP 80-9 CP8 OP2 OL76 SP14,xenoliths,unspecified,,,WEHRLITE,0.09,0.71,35.49,30.27,0,4.696780037,14.38606875,0.22,15.77,0,0,0,0,0,101.6328488,3.5,1.265,0.028,0,0.296,0.107,0.002,0,0,2.002,0.724,0.016,0,0,0,0,0,0.045,0.016,6
200,109,SP P-125B CP62 OP5 OL31,xenoliths,unspecified,,,OL.CPXITE,0.09,0.21,55.84,10.1,0,3.706606725,12.16656907,0.15,19,0,0,0,0,0,101.2631758,5.422,1.414,0.024,0,0.23,0.06,0.001,0,0,0.658,0.172,0.003,0,0,0,0,0,0.013,0.003,6
201,109,SP P-31 CP43 OP3 OL53,xenoliths,unspecified,,,WEHRLITE,0.11,0.39,47.58,17.51,0,4.680368037,13.92082151,0.17,17.13,0,0,0,0,0,101.4911895,4.597,1.462,0.026,0,0.289,0.092,0.002,0,0,1.135,0.361,0.006,0,0,0,0,0,0.024,0.008,6
202,109,SP P-32-CP25 OP2 OL66 SP6,xenoliths,unspecified,,,WEHRLITE,0.12,4.07,37.35,12.71,0,12.40474204,22.63376169,0.25,12.54,0,0,0,0,0,102.0785037,3.477,1.784,0.039,0,0.737,0.378,0.008,0,0,0.794,0.407,0.009,0,0,0,0,0,0.242,0.124,6
203,121,SP F,xenoliths,unspecified,,,SP.LHERZOLITE,0,0.06,33.43,34.61,0,2.00979312,12.60260597,0.26,15.75,0,0,0,0,0,98.72239909,3.31,1.273,0.031,0,0.127,0.049,0.001,0,0,2.299,0.884,0.022,0,0,0,0,0,0.004,0.001,6
204,121,SP G,xenoliths,unspecified,,,SP.LHERZOLITE,0,0.08,32.47,35.64,0,2.032320826,12.64234635,0.29,15.63,0,0,0,0,0,98.78466718,3.217,1.249,0.034,0,0.129,0.05,0.001,0,0,2.369,0.919,0.025,0,0,0,0,0,0.005,0.002,6
205,121,SP I,xenoliths,unspecified,,,SP.LHERZOLITE,0,0.07,32.5,35.44,0,2.548529693,12.49809921,0.29,15.79,0,0,0,0,0,99.1366289,3.268,1.185,0.034,0,0.164,0.059,0.002,0,0,2.391,0.867,0.025,0,0,0,0,0,0.004,0.002,6
206,123,SP 30-82-1,xenoliths,unspecified,,,CR-DIOP-PERIDOTITE,0.09,0.09,27.9,42.7,0,2.554868898,10.94238501,0.45,16.7,0,0,0,0,0,101.4272539,2.936,0.852,0.045,0,0.172,0.05,0.003,0,0,3.014,0.875,0.046,0,0,0,0,0,0.006,0.002,6
207,123,SP 30-B1,xenoliths,unspecified,,,CR-DIOP-PERIDOTITE,0.08,0.03,52.9,16.2,0,1.250653364,8.835302325,0.19,20.5,0,0,0,0,0,99.98595569,5.388,1.137,0.028,0,0.081,0.017,0,0,0,1.107,0.234,0.006,0,0,0,0,0,0.002,0,6
208,123,SP 276-1,xenoliths,unspecified,,,CR-DIOP-PERIDOTITE,0.11,0.06,38.4,31.3,0,2.769755913,10.3491179,0.25,18.3,0,0,0,0,0,101.5388738,4.02,0.968,0.031,0,0.185,0.045,0.001,0,0,2.198,0.529,0.017,0,0,0,0,0,0.004,0.001,6
209,123,SP 279-11,xenoliths,unspecified,,,CR-DIOP-PERIDOTITE,0.08,0.3,41.4,27.2,0,2.112018657,9.780651409,0.24,18.8,0,0,0,0,0,99.91267007,4.357,1.024,0.032,0,0.142,0.033,0.001,0,0,1.92,0.452,0.014,0,0,0,0,0,0.02,0.005,6
210,123,SP 30-82-2,xenoliths,unspecified,,,WEBSTERITE,0.08,0.12,56.6,11.6,0,1.924534013,8.369252131,0.13,21.3,0,0,0,0,0,100.1237861,5.85,1.023,0.02,0,0.127,0.022,0,0,0,0.804,0.141,0.003,0,0,0,0,0,0.008,0.001,6
211,123,SP 30-82-2,xenoliths,unspecified,,,SP.PYROXENITE,0.16,0.44,60.5,1.2,0,5.879181841,13.0326066,0.11,18.8,0,0,0,0,0,100.1217884,6.001,1.386,0.02,0,0.372,0.086,0.001,0,0,0.08,0.018,0,0,0,0,0,0,0.028,0.006,6
212,123,SP 30-82-32,xenoliths,unspecified,,,SP.PYROXENITE,0.18,0.46,60.7,0.46,0,6.582610565,13.63996205,0.18,18.5,0,0,0,0,0,100.7025726,5.981,1.399,0.033,0,0.414,0.097,0.002,0,0,0.03,0.007,0,0,0,0,0,0,0.029,0.007,6
213,123,SP 30-A1,xenoliths,unspecified,,,GT.SP.CPXITE,0.06,0.14,61.7,0.16,0,4.82909345,18.06712462,0.12,15.6,0,0,0,0,0,100.6762181,5.072,2.503,0.022,0,0.253,0.125,0.001,0,0,0.009,0.004,0,0,0,0,0,0,0.007,0.004,6
214,123,SP 271-12,xenoliths,unspecified,,,GT.SP.WEBSTERITE,0.15,0.58,59.4,0.56,0,7.684885565,18.01868636,0.1,16,0,0,0,0,0,102.4935719,5.245,2.042,0.019,0,0.433,0.169,0.002,0,0,0.033,0.013,0,0,0,0,0,0,0.033,0.013,6
215,123,SP 271-27,xenoliths,unspecified,,,,0.28,1,56.8,0.81,0,8.745729697,18.80458809,0.08,15.3,0,0,0,0,0,101.8203178,5.092,2.042,0.015,0,0.501,0.201,0.001,0,0,0.049,0.02,0,0,0,0,0,0,0.057,0.023,6
216,129,SP 1B1,xenoliths,unspecified,,,LHERZOLITE,0,0.14,51.38,11.86,0,7.570627904,7.519080053,0.16,21.21,0,0,0,0,0,99.83970796,6.253,0.117,0.027,0,0.588,0.011,0.003,0,0,0.968,0.018,0.004,0,0,0,0,0,0.011,0,6
